{
    "Bear": {
        "Enterprise Value": 67279131776.51493,
        "Equity Value": 49492131776.51493,
        "Fair Stock Price": 213.88333265073507
    },
    "Base": {
        "Enterprise Value": 129220145472.44456,
        "Equity Value": 111433145472.44456,
        "Fair Stock Price": 481.56528453903064
    },
    "Bull": {
        "Enterprise Value": 194108128415.3163,
        "Equity Value": 176321128415.3163,
        "Fair Stock Price": 761.9827477324646
    }
}