{
    "Bear": {
        "Enterprise Value": 19124530059.114807,
        "Equity Value": 19533075059.114807,
        "Fair Stock Price": 172.14598779518286
    },
    "Base": {
        "Enterprise Value": 33127054910.191566,
        "Equity Value": 33535599910.191566,
        "Fair Stock Price": 295.55095423391015
    },
    "Bull": {
        "Enterprise Value": 49455833999.0639,
        "Equity Value": 49864378999.0639,
        "Fair Stock Price": 439.45731804177234
    }
}