{
    "Bear": {
        "Enterprise Value": 14960969684.998466,
        "Equity Value": 15332969684.998466,
        "Fair Stock Price": 12.541271263994007
    },
    "Base": {
        "Enterprise Value": 32113587453.70925,
        "Equity Value": 32485587453.70925,
        "Fair Stock Price": 26.57088436206667
    },
    "Bull": {
        "Enterprise Value": 53231849256.701584,
        "Equity Value": 53603849256.701584,
        "Fair Stock Price": 43.84411031479877
    }
}