,Total Revenue,EBIT,Net Income,Free Cash Flow
1,11117532300.0,2505697000.0,1814616000.0,1583481000.0
2,12062522545.5,2756266700.0,2005150680.0,1733911695.0
3,13148149574.595001,3045674703.5,2225717254.8,1915972422.975
4,14200001540.562603,3319785426.815,2437160394.006,2097989803.157625
5,15194001648.401985,3568769333.826125,2632133225.52648,2265828987.410235
