{
    "Bear": {
        "Enterprise Value": 21861674694.976074,
        "Equity Value": 22270219694.976074,
        "Fair Stock Price": 196.26858322128044
    },
    "Base": {
        "Enterprise Value": 32630724412.608437,
        "Equity Value": 33039269412.608437,
        "Fair Stock Price": 291.1767682175895
    },
    "Bull": {
        "Enterprise Value": 43588131280.88568,
        "Equity Value": 43996676280.88568,
        "Fair Stock Price": 387.74495439947316
    }
}