{
    "Bear": {
        "Enterprise Value": 3679855361.957848,
        "Equity Value": 2364333361.957848,
        "Fair Stock Price": 7.4998628294598015
    },
    "Base": {
        "Enterprise Value": 17788610522.487026,
        "Equity Value": 16473088522.487026,
        "Fair Stock Price": 52.25401218121624
    },
    "Bull": {
        "Enterprise Value": 72289717900.5617,
        "Equity Value": 70974195900.5617,
        "Fair Stock Price": 225.13607524644442
    }
}